/*
SQLyog Ultimate v11.33 (64 bit)
MySQL - 5.5.15 : Database - hotelsystem
*********************************************************************
*/

/*!40101 SET NAMES utf8 */;

/*!40101 SET SQL_MODE=''*/;

/*!40014 SET @OLD_UNIQUE_CHECKS=@@UNIQUE_CHECKS, UNIQUE_CHECKS=0 */;
/*!40014 SET @OLD_FOREIGN_KEY_CHECKS=@@FOREIGN_KEY_CHECKS, FOREIGN_KEY_CHECKS=0 */;
/*!40101 SET @OLD_SQL_MODE=@@SQL_MODE, SQL_MODE='NO_AUTO_VALUE_ON_ZERO' */;
/*!40111 SET @OLD_SQL_NOTES=@@SQL_NOTES, SQL_NOTES=0 */;
CREATE DATABASE /*!32312 IF NOT EXISTS*/`hotelsystem` /*!40100 DEFAULT CHARACTER SET latin1 */;

USE `hotelsystem`;

/*Table structure for table `customer` */

DROP TABLE IF EXISTS `customer`;

CREATE TABLE `customer` (
  `id` int(10) NOT NULL AUTO_INCREMENT COMMENT '顾客id，主键，自增',
  `name` varchar(20) DEFAULT NULL COMMENT '顾客姓名',
  `sex` varbinary(1) DEFAULT NULL COMMENT '顾客性别：1表示男，0表示女',
  `idcard` varchar(20) DEFAULT NULL COMMENT '顾客的身份证',
  `phone` varchar(20) DEFAULT NULL COMMENT '顾客的电话号码',
  PRIMARY KEY (`id`)
) ENGINE=InnoDB AUTO_INCREMENT=50 DEFAULT CHARSET=utf8;

/*Data for the table `customer` */

insert  into `customer`(`id`,`name`,`sex`,`idcard`,`phone`) values (1,'代栩同','1','410213414','17828897466'),(2,'延泽文','0','123123','12312312'),(3,'123','1','123','123'),(4,'32','1','545454','23'),(5,'','1','',''),(6,NULL,NULL,NULL,NULL),(7,'3242','1','656','234'),(8,'234','1','2345','12312312'),(9,'123','1','234','234'),(10,'王果','1','410303186511192','17828897756'),(11,'东方故事','1','123132895','123845'),(12,'严泽文','1','1237亿897341987389','197897978'),(13,'sxs','1','12121','1212'),(14,'2342','1','234234','234234'),(15,'234','1','123123123','234'),(16,'23452345','1','23452345','23452354'),(17,'345345','1','34534','345345'),(18,'234234','1','234234234234','2342434'),(19,'234234','1','234234234','23423423'),(20,'23423423','1','423','423423423'),(21,'123124123412','1','213423423','234234'),(22,'2323','1','2323','3232'),(23,'qwqw','1','qwqw','wqwq'),(24,'34343','1','34343','434343'),(25,'grrgr','1','grgrg','grgr'),(26,'njyjy','1','nyny','nyny'),(27,'frfrf','1','frfrf','frfrf'),(28,'yjyjy','1','jyjyj','hjyjy'),(29,'jkuju','1','jujuj','jujuj'),(30,'kuku','1','ujuju','jujuj'),(31,'23412341234','1','123421','12341234'),(32,'asdasd','1','asdad','asdasd'),(33,'asdfasdf','1','adfadf','asdfasdf'),(34,'swsws','1','swsws','swsws'),(35,'cfdc','1','cwcwc','cecwc'),(36,'nnygbn','1','bgfbfb','bgbgftb'),(37,'tbtbb','1','btbtbt','tbtrbtb'),(38,'bvfvfv','1','vfvfv','vfvfv'),(39,'nhnh','1','nhnhn','nhnhn'),(40,'cdcdc','1','cdcdc','cdcdc'),(41,'bgbgb','1','bgbgbg','bgbgb'),(42,'1','0','dscsdcsd','sdcsdcsd'),(43,'1','0','csdcsd','csdcsdc'),(44,'dfvdfv','1','vdfvdf','dfvdfv'),(45,'1','1','gfbgrb','bfgbgfb'),(46,'sdvsdcv','1','scddc','sdcvsdcv'),(47,'区呃2321','1','12341234','41234123'),(48,'daixutong','1','41206512945','1788288974'),(49,'daixut','1','410410301584','asdasdasdad');

/*Table structure for table `department` */

DROP TABLE IF EXISTS `department`;

CREATE TABLE `department` (
  `depId` int(11) NOT NULL AUTO_INCREMENT,
  `depNo` varchar(20) DEFAULT NULL,
  `depName` varchar(10) DEFAULT NULL,
  `depManager` varchar(10) DEFAULT NULL,
  `empCount` int(11) DEFAULT NULL,
  PRIMARY KEY (`depId`)
) ENGINE=InnoDB AUTO_INCREMENT=8 DEFAULT CHARSET=utf8;

/*Data for the table `department` */

insert  into `department`(`depId`,`depNo`,`depName`,`depManager`,`empCount`) values (1,'101001','前厅部','张三',500),(2,'102001','安保、工程部','李四',50),(3,'103001','财务部','王五',20),(4,'104001','人事部','梅超风',20),(5,'105001','客房部','Smith',600),(6,'106001','餐饮部','Jonnaon',NULL),(7,'107001','采购部','赵六',20);

/*Table structure for table `employee` */

DROP TABLE IF EXISTS `employee`;

CREATE TABLE `employee` (
  `empId` int(11) NOT NULL AUTO_INCREMENT,
  `empNo` varchar(20) DEFAULT NULL,
  `empName` varchar(10) DEFAULT NULL,
  `empSex` varchar(2) DEFAULT NULL,
  `empAge` int(3) DEFAULT NULL,
  `empEntryDate` varchar(20) DEFAULT NULL,
  `empWorkingYears` int(3) DEFAULT NULL,
  `empRemark` varchar(500) DEFAULT NULL,
  `roleId` int(2) DEFAULT NULL,
  `roleName` varchar(10) DEFAULT NULL,
  `level` int(2) DEFAULT NULL,
  `monthPay` int(7) DEFAULT NULL,
  `depId` int(2) DEFAULT NULL,
  `depNo` varchar(20) DEFAULT NULL,
  `depName` varchar(20) DEFAULT NULL,
  `depManager` varchar(10) DEFAULT NULL,
  PRIMARY KEY (`empId`)
) ENGINE=InnoDB AUTO_INCREMENT=102 DEFAULT CHARSET=utf8;

/*Data for the table `employee` */

insert  into `employee`(`empId`,`empNo`,`empName`,`empSex`,`empAge`,`empEntryDate`,`empWorkingYears`,`empRemark`,`roleId`,`roleName`,`level`,`monthPay`,`depId`,`depNo`,`depName`,`depManager`) values (1,'201510930111','严泽文','男',88,'2015-06-07',4,'大学本科文凭',2,'前厅部经理',2,100000,4,'104001','人事部','梅超风'),(2,'201510930111','梅超风','男',25,'2015-09-01',4,'大学本科文凭',2,'前厅部经理',2,100000,2,'102001','安保、工程部','李四'),(3,'201510930111','梅超风','男',25,'2015-09-01',4,'大学本科文凭',2,'前厅部经理',2,100000,2,'102001','安保、工程部','李四'),(4,'201510930111','梅超风','男',25,'2015-09-01',4,'大学本科文凭',2,'前厅部经理',2,100000,2,'102001','安保、工程部','李四'),(5,'201345555','大丰收','男',45,'2015-09-01',4,'本科毕业',5,'客房部经理',2,90000,7,'107001','采购部','赵六'),(6,'201510930111','梅超风','男',25,'2015-09-01',3,'大学本科文凭',2,'服务员',3,12000,2,'101001','前厅部','Smith'),(7,'201510930111','梅超风','男',25,'2015-09-01',4,'大学本科文凭',2,'前厅部经理',2,100000,2,'102001','安保、工程部','李四'),(8,'201345555','大丰收','男',45,'2015-09-01',4,'本科毕业',5,'客房部经理',2,90000,7,'107001','采购部','赵六'),(9,'201345555','大丰收','男',45,'2015-09-01',4,'本科毕业',5,'客房部经理',2,90000,7,'107001','采购部','赵六'),(10,'201345555','大丰收','男',45,'2015-09-01',4,'本科毕业',5,'客房部经理',2,90000,7,'107001','采购部','赵六'),(11,'201510930111','梅超风','男',25,'2015-09-01',3,'大学本科文凭',2,'服务员',3,12000,2,'101001','前厅部','Smith'),(12,'201510930111','梅超风','男',25,'2015-09-01',3,'大学本科文凭',2,'服务员',3,12000,2,'101001','前厅部','Smith'),(13,'201510930111','梅超风','男',25,'2015-09-01',3,'大学本科文凭',2,'服务员',3,12000,2,'101001','前厅部','Smith'),(14,'201510930111','梅超风','男',25,'2015-09-01',3,'大学本科文凭',2,'服务员',3,12000,2,'101001','前厅部','Smith'),(15,'201510930111','梅超风','男',25,'2015-09-01',3,'大学本科文凭',2,'服务员',3,12000,2,'101001','前厅部','Smith'),(16,'201510930111','梅超风','男',25,'2015-09-01',3,'大学本科文凭',2,'服务员',3,12000,2,'101001','前厅部','Smith'),(17,'201510930111','梅超风','男',25,'2015-09-01',3,'大学本科文凭',2,'服务员',3,12000,2,'101001','前厅部','Smith'),(18,'201510930111','梅超风','男',25,'2015-09-01',3,'大学本科文凭',2,'服务员',3,12000,2,'101001','前厅部','Smith'),(19,'201510930111','梅超风','男',25,'2015-09-01',3,'大学本科文凭',2,'服务员',3,12000,2,'101001','前厅部','Smith'),(20,'201510930111','梅超风','男',25,'2015-09-01',3,'大学本科文凭',2,'服务员',3,12000,2,'101001','前厅部','Smith'),(21,'201510930111','梅超风','男',25,'2015-09-01',3,'大学本科文凭',2,'服务员',3,12000,2,'101001','前厅部','Smith'),(22,'201510930111','梅超风','男',25,'2015-09-01',3,'大学本科文凭',2,'服务员',3,12000,2,'101001','前厅部','Smith'),(23,'201510930111','梅超风','男',25,'2015-09-01',3,'大学本科文凭',2,'服务员',3,12000,2,'101001','前厅部','Smith'),(24,'201510930111','梅超风','男',25,'2015-09-01',3,'大学本科文凭',2,'服务员',3,12000,2,'101001','前厅部','Smith'),(25,'201510930111','梅超风','男',25,'2015-09-01',3,'大学本科文凭',2,'服务员',3,12000,2,'101001','前厅部','Smith'),(26,'201510930111','梅超风','男',25,'2015-09-01',3,'大学本科文凭',2,'服务员',3,12000,2,'101001','前厅部','Smith'),(27,'201510930111','梅超风','男',25,'2015-09-01',3,'大学本科文凭',2,'服务员',3,12000,2,'101001','前厅部','Smith'),(28,'201510930111','梅超风','男',25,'2015-09-01',3,'大学本科文凭',2,'服务员',3,12000,2,'101001','前厅部','Smith'),(29,'201510930111','梅超风','男',25,'2015-09-01',3,'大学本科文凭',2,'服务员',3,12000,2,'101001','前厅部','Smith'),(30,'201510930111','梅超风','男',25,'2015-09-01',3,'大学本科文凭',2,'服务员',3,12000,2,'101001','前厅部','Smith'),(31,'201510930111','梅超风','男',25,'2015-09-01',3,'大学本科文凭',2,'服务员',3,12000,2,'101001','前厅部','Smith'),(32,'201510930111','梅超风','男',25,'2015-09-01',3,'大学本科文凭',2,'服务员',3,12000,2,'101001','前厅部','Smith'),(33,'201510930111','梅超风','男',25,'2015-09-01',3,'大学本科文凭',2,'服务员',3,12000,2,'101001','前厅部','Smith'),(34,'201510930111','梅超风','男',25,'2015-09-01',3,'大学本科文凭',2,'服务员',3,12000,2,'101001','前厅部','Smith'),(35,'201510930111','梅超风','男',25,'2015-09-01',3,'大学本科文凭',2,'服务员',3,12000,2,'101001','前厅部','Smith'),(36,'201510930111','梅超风','男',25,'2015-09-01',3,'大学本科文凭',2,'服务员',3,12000,2,'101001','前厅部','Smith'),(37,'201510930111','梅超风','男',25,'2015-09-01',3,'大学本科文凭',2,'服务员',3,12000,2,'101001','前厅部','Smith'),(38,'201510930111','梅超风','男',25,'2015-09-01',3,'大学本科文凭',2,'服务员',3,12000,2,'101001','前厅部','Smith'),(39,'201510930111','梅超风','男',25,'2015-09-01',3,'大学本科文凭',2,'服务员',3,12000,2,'101001','前厅部','Smith'),(40,'201510930111','梅超风','男',25,'2015-09-01',3,'大学本科文凭',2,'服务员',3,12000,2,'101001','前厅部','Smith'),(41,'201510930111','梅超风','男',25,'2015-09-01',3,'大学本科文凭',2,'服务员',3,12000,2,'101001','前厅部','Smith'),(42,'201510930111','梅超风','男',25,'2015-09-01',3,'大学本科文凭',2,'服务员',3,12000,2,'101001','前厅部','Smith'),(43,'201510930111','梅超风','男',25,'2015-09-01',3,'大学本科文凭',2,'服务员',3,12000,2,'101001','前厅部','Smith'),(44,'201510930111','梅超风','男',25,'2015-09-01',3,'大学本科文凭',2,'服务员',3,12000,2,'101001','前厅部','Smith'),(45,'201510930111','梅超风','男',25,'2015-09-01',3,'大学本科文凭',2,'服务员',3,12000,2,'101001','前厅部','Smith'),(46,'201510930111','梅超风','男',25,'2015-09-01',3,'大学本科文凭',2,'服务员',3,12000,2,'101001','前厅部','Smith'),(47,'201510930111','梅超风','男',25,'2015-09-01',3,'大学本科文凭',2,'服务员',3,12000,2,'101001','前厅部','Smith'),(48,'201510930111','梅超风','男',25,'2015-09-01',3,'大学本科文凭',2,'服务员',3,12000,2,'101001','前厅部','Smith'),(49,'201510930111','梅超风','男',25,'2015-09-01',3,'大学本科文凭',2,'服务员',3,12000,2,'101001','前厅部','Smith'),(50,'201510930111','梅超风','男',25,'2015-09-01',3,'大学本科文凭',2,'服务员',3,12000,2,'101001','前厅部','Smith'),(51,'201510930111','梅超风','男',25,'2015-09-01',3,'大学本科文凭',2,'服务员',3,12000,2,'101001','前厅部','Smith'),(52,'201510930111','梅超风','男',25,'2015-09-01',3,'大学本科文凭',2,'服务员',3,12000,2,'101001','前厅部','Smith'),(53,'201510930111','梅超风','男',25,'2015-09-01',3,'大学本科文凭',2,'服务员',3,12000,2,'101001','前厅部','Smith'),(54,'201510930111','梅超风','男',25,'2015-09-01',3,'大学本科文凭',2,'服务员',3,12000,2,'101001','前厅部','Smith'),(55,'201510930111','梅超风','男',25,'2015-09-01',3,'大学本科文凭',2,'服务员',3,12000,2,'101001','前厅部','Smith'),(56,'201510930111','梅超风','男',25,'2015-09-01',3,'大学本科文凭',2,'服务员',3,12000,2,'101001','前厅部','Smith'),(57,'201510930111','梅超风','男',25,'2015-09-01',3,'大学本科文凭',2,'服务员',3,12000,2,'101001','前厅部','Smith'),(58,'201510930111','梅超风','男',25,'2015-09-01',3,'大学本科文凭',2,'服务员',3,12000,2,'101001','前厅部','Smith'),(59,'201510930111','梅超风','男',25,'2015-09-01',3,'大学本科文凭',2,'服务员',3,12000,2,'101001','前厅部','Smith'),(60,'201510930111','梅超风','男',25,'2015-09-01',3,'大学本科文凭',2,'服务员',3,12000,2,'101001','前厅部','Smith'),(61,'201510930111','梅超风','男',25,'2015-09-01',4,'大学本科文凭',2,'前厅部经理',2,100000,2,'102001','安保、工程部','李四'),(62,'201510930111','梅超风','男',25,'2015-09-01',3,'大学本科文凭',2,'服务员',3,12000,2,'101001','前厅部','Smith'),(63,'201510930111','梅超风','男',25,'2015-09-01',3,'大学本科文凭',2,'服务员',3,12000,2,'101001','前厅部','Smith'),(64,'201510930111','梅超风','男',25,'2015-09-01',4,'大学本科文凭',2,'前厅部经理',2,100000,2,'102001','安保、工程部','李四'),(65,'201510930111','梅超风','男',25,'2015-09-01',3,'大学本科文凭',2,'服务员',3,12000,2,'101001','前厅部','Smith'),(66,'201510930111','梅超风','男',25,'2015-09-01',3,'大学本科文凭',2,'服务员',3,12000,2,'101001','前厅部','Smith'),(67,'201510930111','梅超风','男',25,'2015-09-01',3,'大学本科文凭',2,'服务员',3,12000,2,'101001','前厅部','Smith'),(68,'201510930111','梅超风','男',25,'2015-09-01',3,'大学本科文凭',2,'服务员',3,12000,2,'101001','前厅部','Smith'),(69,'201510930111','梅超风','男',25,'2015-09-01',3,'大学本科文凭',2,'服务员',3,12000,2,'101001','前厅部','Smith'),(70,'201510930111','梅超风','男',25,'2015-09-01',3,'大学本科文凭',2,'服务员',3,12000,2,'101001','前厅部','Smith'),(71,'201510930111','梅超风','男',25,'2015-09-01',3,'大学本科文凭',2,'服务员',3,12000,2,'101001','前厅部','Smith'),(72,'201510930111','梅超风','男',25,'2015-09-01',3,'大学本科文凭',2,'服务员',3,12000,2,'101001','前厅部','Smith'),(73,'201510930111','梅超风','男',25,'2015-09-01',3,'大学本科文凭',2,'服务员',3,12000,2,'101001','前厅部','Smith'),(74,'201510930111','梅超风','男',25,'2015-09-01',3,'大学本科文凭',2,'服务员',3,12000,2,'101001','前厅部','Smith'),(75,'201510930111','梅超风','男',25,'2015-09-01',3,'大学本科文凭',2,'服务员',3,12000,2,'101001','前厅部','Smith'),(76,'201510930111','梅超风','男',25,'2015-09-01',3,'大学本科文凭',2,'服务员',3,12000,2,'101001','前厅部','Smith'),(77,'201510930111','梅超风','男',25,'2015-09-01',3,'大学本科文凭',2,'服务员',3,12000,2,'101001','前厅部','Smith'),(78,'201510930111','梅超风','男',25,'2015-09-01',3,'大学本科文凭',2,'服务员',3,12000,2,'101001','前厅部','Smith'),(79,'201510930111','梅超风','男',25,'2015-09-01',3,'大学本科文凭',2,'服务员',3,12000,2,'101001','前厅部','Smith'),(80,'201510930111','梅超风','男',25,'2015-09-01',3,'大学本科文凭',2,'服务员',3,12000,2,'101001','前厅部','Smith'),(81,'201510930111','梅超风','男',25,'2015-09-01',3,'大学本科文凭',2,'服务员',3,12000,2,'101001','前厅部','Smith'),(82,'201510930111','梅超风','男',25,'2015-09-01',3,'大学本科文凭',2,'服务员',3,12000,2,'101001','前厅部','Smith'),(83,'201510930111','梅超风','男',25,'2015-09-01',3,'大学本科文凭',2,'服务员',3,12000,2,'101001','前厅部','Smith'),(84,'201510930111','梅超风','男',25,'2015-09-01',3,'大学本科文凭',2,'服务员',3,12000,2,'101001','前厅部','Smith'),(85,'201510930111','梅超风','男',25,'2015-09-01',3,'大学本科文凭',2,'服务员',3,12000,2,'101001','前厅部','Smith'),(86,'201510930111','梅超风','男',25,'2015-09-01',3,'大学本科文凭',2,'服务员',3,12000,2,'101001','前厅部','Smith'),(87,'201510930111','梅超风','男',25,'2015-09-01',3,'大学本科文凭',2,'服务员',3,12000,2,'101001','前厅部','Smith'),(88,'201510930111','梅超风','男',25,'2015-09-01',3,'大学本科文凭',2,'服务员',3,12000,2,'101001','前厅部','Smith'),(89,'201510930111','梅超风','男',25,'2015-09-01',3,'大学本科文凭',2,'服务员',3,12000,2,'101001','前厅部','Smith'),(90,'201510930111','梅超风','男',25,'2015-09-01',3,'大学本科文凭',2,'服务员',3,12000,2,'101001','前厅部','Smith'),(91,'201510930111','梅超风','男',25,'2015-09-01',3,'大学本科文凭',2,'服务员',3,12000,2,'101001','前厅部','Smith'),(92,'201510930111','梅超风','男',25,'2015-09-01',3,'大学本科文凭',2,'服务员',3,12000,2,'101001','前厅部','Smith'),(93,'201510930111','梅超风','男',25,'2015-09-01',3,'大学本科文凭',2,'服务员',3,12000,2,'101001','前厅部','Smith'),(94,'201510930111','梅超风','男',25,'2015-09-01',3,'大学本科文凭',2,'服务员',3,12000,2,'101001','前厅部','Smith'),(95,'201510930111','梅超风','男',25,'2015-09-01',3,'大学本科文凭',2,'服务员',3,12000,2,'101001','前厅部','Smith'),(96,'201510930111','梅超风','男',25,'2015-09-01',3,'大学本科文凭',2,'服务员',3,12000,2,'101001','前厅部','Smith'),(97,'201510930111','梅超风','男',25,'2015-09-01',3,'大学本科文凭',2,'服务员',3,12000,2,'101001','前厅部','Smith'),(98,'201510930111','梅超风','男',25,'2015-09-01',3,'大学本科文凭',2,'服务员',3,12000,2,'101001','前厅部','Smith'),(99,'201510930111','梅超风','男',25,'2015-09-01',3,'大学本科文凭',2,'服务员',3,12000,2,'101001','前厅部','Smith'),(100,'201510930111','梅超风','男',25,'2015-09-01',3,'大学本科文凭',2,'服务员',3,12000,2,'101001','前厅部','Smith');

/*Table structure for table `goods` */

DROP TABLE IF EXISTS `goods`;

CREATE TABLE `goods` (
  `gid` int(10) NOT NULL AUTO_INCREMENT COMMENT '商品id',
  `gname` varchar(50) DEFAULT NULL COMMENT '商品名称',
  `gprice` int(10) DEFAULT NULL COMMENT '商品价格：元',
  `gcount` int(10) DEFAULT NULL COMMENT '商品库存量',
  PRIMARY KEY (`gid`)
) ENGINE=InnoDB AUTO_INCREMENT=6 DEFAULT CHARSET=utf8;

/*Data for the table `goods` */

insert  into `goods`(`gid`,`gname`,`gprice`,`gcount`) values (1,'方便面',5,100),(2,'怡宝水',2,200),(3,'卫龙辣条',3,150),(4,'刮胡刀',20,50),(5,'毛巾',15,300);

/*Table structure for table `houqin` */

DROP TABLE IF EXISTS `houqin`;

CREATE TABLE `houqin` (
  `empnumber` varchar(50) DEFAULT NULL COMMENT '后勤员工的员工编号',
  `roomid` int(10) DEFAULT NULL COMMENT '房间id',
  `roomnumber` varchar(50) DEFAULT NULL COMMENT '房间编号',
  `roomtypename` varchar(50) DEFAULT NULL COMMENT '房间类型名称',
  `staercleantime` varchar(50) DEFAULT NULL COMMENT '开始打扫房间的时间',
  `endcleantime` varchar(50) DEFAULT NULL COMMENT '房间打扫结束的时间'
) ENGINE=InnoDB DEFAULT CHARSET=utf8;

/*Data for the table `houqin` */

/*Table structure for table `orderinfo` */

DROP TABLE IF EXISTS `orderinfo`;

CREATE TABLE `orderinfo` (
  `orderid` int(20) NOT NULL COMMENT '顾客账单的编号，时间+随机数生成。',
  `customername` varchar(20) DEFAULT NULL COMMENT '顾客名称',
  `customerphone` varchar(20) DEFAULT NULL COMMENT '顾客联系电话',
  `customeridcard` varchar(20) DEFAULT NULL COMMENT '顾客的身份证',
  `customersex` varchar(1) DEFAULT NULL COMMENT '顾客性别',
  `roomnumber` varchar(50) DEFAULT NULL COMMENT '房间编号',
  `roomtypeid` int(10) DEFAULT NULL COMMENT '房间类型id',
  `roomtypename` varchar(50) DEFAULT NULL COMMENT '房间类型名称',
  `empnumber1` varchar(50) DEFAULT NULL COMMENT '顾客预定时，提供服务的员工的员工编号',
  `empnumber2` varchar(50) DEFAULT NULL COMMENT '顾客入住时，提供服务的员工的员工编号',
  `empnumber3` varchar(50) DEFAULT NULL COMMENT '顾客退房时，提供服务的员工的员工编号',
  `empnumber4` varchar(50) DEFAULT NULL COMMENT '顾客换房时，提供服务的员工的员工编号',
  `ordertime` varchar(50) DEFAULT NULL COMMENT '预定日期',
  `checkintime` varchar(50) DEFAULT NULL COMMENT '入住日期',
  `checkouttime` varchar(50) DEFAULT NULL COMMENT '退房日期',
  `roomprice` int(10) DEFAULT NULL COMMENT '当前时间下的房间单价：元/间/天',
  `roomtotalprice` int(10) DEFAULT NULL COMMENT '顾客总计房费：入住天数*房间单价',
  `servicetotalprice` int(10) DEFAULT NULL COMMENT '服务总价',
  `statydays` int(10) DEFAULT NULL COMMENT '顾客入住天数：退房时间和入住时间之差。',
  `orderstatus` int(1) DEFAULT NULL COMMENT '账单状态：0--未完结，1--完结（即已退房）',
  PRIMARY KEY (`orderid`) USING BTREE
) ENGINE=InnoDB DEFAULT CHARSET=utf8 ROW_FORMAT=COMPACT;

/*Data for the table `orderinfo` */

insert  into `orderinfo`(`orderid`,`customername`,`customerphone`,`customeridcard`,`customersex`,`roomnumber`,`roomtypeid`,`roomtypename`,`empnumber1`,`empnumber2`,`empnumber3`,`empnumber4`,`ordertime`,`checkintime`,`checkouttime`,`roomprice`,`roomtotalprice`,`servicetotalprice`,`statydays`,`orderstatus`) values (15,'sdvsdcv','sdcvsdcv','scddc','1','2004',4,'豪华娱乐间',NULL,'2015109301','201510930100',NULL,NULL,'2018-09-28 16:37:35','2018-09-28 16:37:47',628,234,NULL,1,1),(24,'daixut','asdasdasdad','410410301584','1','1002',2,'豪华商务标间','2015109301','2015109301',NULL,NULL,'2018-09-30 10:03:30','2018-09-30 10:05:51',NULL,300,NULL,NULL,NULL,0),(30,'区呃2321','41234123','12341234','1','2001',1,'标准大床房',NULL,'2015109301','201510930100',NULL,NULL,'2018-09-28 20:30:38','2018-09-28 20:30:43',200,200,NULL,1,1),(55,'1','bfgbgfb','gfbgrb','1','3001',1,'标准大床房','2015109301',NULL,NULL,NULL,'2018-09-28 16:37:26',NULL,NULL,200,NULL,NULL,NULL,1),(89,'daixutong','1788288974','41206512945','1','1001',1,'标准大床房',NULL,'2015109301','201510930100',NULL,NULL,'2018-09-30 10:03:04','2018-09-30 10:03:54',200,0,NULL,0,1);

/*Table structure for table `photo` */

DROP TABLE IF EXISTS `photo`;

CREATE TABLE `photo` (
  `photoid` int(20) NOT NULL AUTO_INCREMENT COMMENT '图片id，主键，自增',
  `photoname` varchar(50) NOT NULL COMMENT '图片保存的名称',
  `photoalbumid` int(20) NOT NULL COMMENT '相册id',
  `introduce` varchar(255) DEFAULT NULL COMMENT '图片介绍',
  `photourl` varchar(255) DEFAULT NULL COMMENT '图片保存地址',
  PRIMARY KEY (`photoid`) USING BTREE
) ENGINE=InnoDB AUTO_INCREMENT=12 DEFAULT CHARSET=utf8 ROW_FORMAT=COMPACT;

/*Data for the table `photo` */

/*Table structure for table `photoalbum` */

DROP TABLE IF EXISTS `photoalbum`;

CREATE TABLE `photoalbum` (
  `photoalbumid` int(20) NOT NULL AUTO_INCREMENT COMMENT '相册id，主键，自增',
  `photoalbumname` varchar(50) NOT NULL COMMENT '相册名称',
  `userid` int(20) NOT NULL COMMENT '用户id',
  `introduce` varchar(255) DEFAULT NULL COMMENT '相册介绍',
  PRIMARY KEY (`photoalbumid`) USING BTREE
) ENGINE=InnoDB AUTO_INCREMENT=53 DEFAULT CHARSET=utf8 ROW_FORMAT=COMPACT;

/*Data for the table `photoalbum` */

/*Table structure for table `role` */

DROP TABLE IF EXISTS `role`;

CREATE TABLE `role` (
  `roleId` int(11) NOT NULL AUTO_INCREMENT,
  `roleName` varchar(10) DEFAULT NULL,
  `level` int(2) DEFAULT NULL,
  `monthPay` int(7) DEFAULT NULL,
  PRIMARY KEY (`roleId`)
) ENGINE=InnoDB AUTO_INCREMENT=9 DEFAULT CHARSET=utf8;

/*Data for the table `role` */

insert  into `role`(`roleId`,`roleName`,`level`,`monthPay`) values (1,'总经理',1,500000),(2,'前厅部经理',2,100000),(3,'安保、工程部经理',2,70000),(4,'财务部经理',2,85000),(5,'客房部经理',2,90000),(6,'人事部经理',2,80000),(7,'餐饮部经理',2,81000),(8,'采购部经理',2,78500);

/*Table structure for table `room` */

DROP TABLE IF EXISTS `room`;

CREATE TABLE `room` (
  `roomid` int(10) NOT NULL AUTO_INCREMENT,
  `roomnumber` varchar(50) DEFAULT NULL COMMENT '房间编号',
  `roomtypeid` int(10) DEFAULT NULL COMMENT '房间类型id',
  `roomtypename` varchar(50) DEFAULT NULL COMMENT '房间类型名称',
  `roomintroduce` varchar(255) DEFAULT NULL COMMENT '房间详细设施介绍',
  `roomstatus` int(1) DEFAULT NULL COMMENT '房间状态：\r\n0--空闲，\r\n1--预定，\r\n2--入住，\r\n3--打扫中，\r\n4--维修中，\r\n5--接取中。',
  PRIMARY KEY (`roomid`)
) ENGINE=InnoDB AUTO_INCREMENT=38 DEFAULT CHARSET=utf8;

/*Data for the table `room` */

insert  into `room`(`roomid`,`roomnumber`,`roomtypeid`,`roomtypename`,`roomintroduce`,`roomstatus`) values (1,'1001',1,'标准大床房','一张大床，wifi，热水器等',0),(2,'1002',2,'豪华商务标间','双床，wifi等',2),(3,'1003',3,'温馨家庭间','多张床，wifi，房间35平米',0),(4,'1004',4,'豪华娱乐间','大床2米，房间45平米，wifi',0),(5,'2001',1,'标准大床房','一张大床，wifi，热水器等',0),(6,'2002',2,'豪华商务标间','双床，wifi等',0),(7,'2003',3,'温馨家庭间','多张床，wifi，房间35平米',0),(8,'2004',4,'豪华娱乐间','大床2米，房间45平米，wifi',0),(9,'3001',1,'标准大床房','一张大床，wifi，热水器等',0),(10,'3002',1,'标准大床房','一张大床，wifi，热水器等',0),(11,'3003',1,'标准大床房','一张大床，wifi，热水器等',0),(12,'3004',1,'标准大床房','一张大床，wifi，热水器等',0),(13,'3005',1,'标准大床房','一张大床，wifi，热水器等',3),(14,'3006',1,'标准大床房','一张大床，wifi，热水器等',3),(15,'3007',1,'标准大床房','一张大床，wifi，热水器等',0),(16,'3008',1,'标准大床房','一张大床，wifi，热水器等',5),(17,'3009',1,'标准大床房','一张大床，wifi，热水器等',0),(18,'3010',1,'标准大床房','一张大床，wifi，热水器等',5),(19,'3011',1,'标准大床房','一张大床，wifi，热水器等',5),(20,'3012',1,'标准大床房','一张大床，wifi，热水器等',5),(21,'3013',1,'标准大床房','一张大床，wifi，热水器等',5),(22,'4001',4,'豪华娱乐间','大床2米，房间45平米，wifi',5),(23,'4001',4,'豪华娱乐间','大床2米，房间45平米，wifi',5),(24,'4002',4,'豪华娱乐间','大床2米，房间45平米，wifi',5),(25,'4003',4,'豪华娱乐间','大床2米，房间45平米，wifi',2),(26,'4004',4,'豪华娱乐间','大床2米，房间45平米，wifi',0),(27,'4005',4,'豪华娱乐间','大床2米，房间45平米，wifi',0),(28,'4006',4,'豪华娱乐间','大床2米，房间45平米，wifi',0),(29,'4007',4,'豪华娱乐间','大床2米，房间45平米，wifi',0),(30,'4008',4,'豪华娱乐间','大床2米，房间45平米，wifi',0),(31,'4009',4,'豪华娱乐间','大床2米，房间45平米，wifi',5),(32,'4010',4,'豪华娱乐间','大床2米，房间45平米，wifi',5),(33,'4011',4,'豪华娱乐间','大床2米，房间45平米，wifi',5),(34,'5001',2,'豪华商务标间','双床，wifi等',0),(35,'5002',2,'豪华商务标间','双床，wifi等',0),(36,'5003',2,'豪华商务标间','双床，wifi等',5),(37,'5004',2,'豪华商务标间','双床，wifi等',5);

/*Table structure for table `roomservice` */

DROP TABLE IF EXISTS `roomservice`;

CREATE TABLE `roomservice` (
  `id` int(10) DEFAULT NULL COMMENT '顾客id',
  `name` varchar(20) DEFAULT NULL COMMENT '顾客姓名',
  `roomnumber` varchar(50) DEFAULT NULL COMMENT '房间编号',
  `roomtypeid` int(10) DEFAULT NULL COMMENT '房间类型id',
  `roomtypename` varchar(50) DEFAULT NULL COMMENT '房间类型名称',
  `servicename` varchar(255) DEFAULT NULL COMMENT '服务名称，记录顾客消费的商品名称、单价及其数量',
  `servicetotalprice` int(10) DEFAULT NULL COMMENT '服务总价：商品单价*数量+......',
  `servicetime` varchar(50) DEFAULT NULL COMMENT '顾客服务消费时的时间',
  `empnumber` varchar(50) DEFAULT NULL COMMENT '服务提供员工编号'
) ENGINE=InnoDB DEFAULT CHARSET=utf8;

/*Data for the table `roomservice` */

insert  into `roomservice`(`id`,`name`,`roomnumber`,`roomtypeid`,`roomtypename`,`servicename`,`servicetotalprice`,`servicetime`,`empnumber`) values (NULL,'丸子','2012',1,'标准大床房','名称：方便面,单价：5,数量：100 ; 名称：方便面,单价：5,数量：100 ; 名称：方便面,单价：5,数量：100 ; 名称：方便面,单价：5,数量：100 ; 名称：方便面,单价：5,数量：100 ;',90,'2018-09-29 15:17:48','测试数据'),(NULL,'丸子','2012',1,'标准大床房','名称：方便面,单价：5,数量：100 ; 名称：方便面,单价：5,数量：100 ; 名称：方便面,单价：5,数量：100 ; 名称：方便面,单价：5,数量：100 ; 名称：方便面,单价：5,数量：100 ;',90,'2018-09-29 15:17:49','测试数据'),(NULL,'丸子','2012',1,'标准大床房','名称：方便面,单价：5,数量：100 ; 名称：方便面,单价：5,数量：100 ; 名称：方便面,单价：5,数量：100 ; 名称：方便面,单价：5,数量：100 ; 名称：方便面,单价：5,数量：100 ;',90,'2018-09-29 15:17:50','测试数据'),(NULL,'丸子','2012',1,'标准大床房','名称：方便面,单价：5,数量：100 ; 名称：方便面,单价：5,数量：100 ; 名称：方便面,单价：5,数量：100 ; 名称：方便面,单价：5,数量：100 ; 名称：方便面,单价：5,数量：100 ;',90,'2018-09-29 15:17:50','测试数据'),(NULL,'丸子','2012',1,'标准大床房','名称：方便面,单价：5,数量：100 ; 名称：方便面,单价：5,数量：100 ; 名称：方便面,单价：5,数量：100 ; 名称：方便面,单价：5,数量：100 ; 名称：方便面,单价：5,数量：100 ;',90,'2018-09-29 15:17:50','测试数据'),(NULL,'丸子','2012',1,'标准大床房','名称：方便面,单价：5,数量：100 ; 名称：方便面,单价：5,数量：100 ; 名称：方便面,单价：5,数量：100 ; 名称：方便面,单价：5,数量：100 ; 名称：方便面,单价：5,数量：100 ;',90,'2018-09-29 15:17:50','测试数据'),(NULL,'丸子','2012',1,'标准大床房','名称：方便面,单价：5,数量：100 ; 名称：方便面,单价：5,数量：100 ; 名称：方便面,单价：5,数量：100 ; 名称：方便面,单价：5,数量：100 ; 名称：方便面,单价：5,数量：100 ;',90,'2018-09-29 15:17:51','测试数据'),(NULL,'丸子','2012',1,'标准大床房','名称：方便面,单价：5,数量：100 ; 名称：方便面,单价：5,数量：100 ; 名称：方便面,单价：5,数量：100 ; 名称：方便面,单价：5,数量：100 ; 名称：方便面,单价：5,数量：100 ;',90,'2018-09-29 15:17:51','测试数据'),(NULL,'丸子','2012',1,'标准大床房','名称：方便面,单价：5,数量：100 ; 名称：方便面,单价：5,数量：100 ; 名称：方便面,单价：5,数量：100 ; 名称：方便面,单价：5,数量：100 ; 名称：方便面,单价：5,数量：100 ;',90,'2018-09-29 15:17:51','测试数据'),(NULL,'丸子','2012',1,'标准大床房','名称：方便面,单价：5,数量：100 ; 名称：方便面,单价：5,数量：100 ; 名称：方便面,单价：5,数量：100 ; 名称：方便面,单价：5,数量：100 ; 名称：方便面,单价：5,数量：100 ;',90,'2018-09-29 15:17:52','测试数据'),(NULL,'丸子','2012',1,'标准大床房','名称：方便面,单价：5,数量：100 ; 名称：方便面,单价：5,数量：100 ; 名称：方便面,单价：5,数量：100 ; 名称：方便面,单价：5,数量：100 ; 名称：方便面,单价：5,数量：100 ;',90,'2018-09-29 15:17:52','测试数据'),(NULL,'丸子','2012',1,'标准大床房','名称：方便面,单价：5,数量：100 ; 名称：方便面,单价：5,数量：100 ; 名称：方便面,单价：5,数量：100 ; 名称：方便面,单价：5,数量：100 ; 名称：方便面,单价：5,数量：100 ;',90,'2018-09-29 15:17:52','测试数据'),(NULL,'丸子','2012',1,'标准大床房','名称：方便面,单价：5,数量：100 ; 名称：方便面,单价：5,数量：100 ; 名称：方便面,单价：5,数量：100 ; 名称：方便面,单价：5,数量：100 ; 名称：方便面,单价：5,数量：100 ;',90,'2018-09-29 15:17:52','测试数据'),(NULL,'丸子','2012',1,'标准大床房','名称：方便面,单价：5,数量：100 ; 名称：方便面,单价：5,数量：100 ; 名称：方便面,单价：5,数量：100 ; 名称：方便面,单价：5,数量：100 ; 名称：方便面,单价：5,数量：100 ;',90,'2018-09-29 15:17:52','测试数据'),(NULL,'丸子','2012',1,'标准大床房','名称：方便面,单价：5,数量：100 ; 名称：方便面,单价：5,数量：100 ; 名称：方便面,单价：5,数量：100 ; 名称：方便面,单价：5,数量：100 ; 名称：方便面,单价：5,数量：100 ;',90,'2018-09-29 15:17:53','测试数据'),(NULL,'丸子','2012',1,'标准大床房','名称：方便面,单价：5,数量：100 ; 名称：方便面,单价：5,数量：100 ; 名称：方便面,单价：5,数量：100 ; 名称：方便面,单价：5,数量：100 ; 名称：方便面,单价：5,数量：100 ;',90,'2018-09-29 15:17:53','测试数据'),(NULL,'丸子','2012',1,'标准大床房','名称：方便面,单价：5,数量：100 ; 名称：方便面,单价：5,数量：100 ; 名称：方便面,单价：5,数量：100 ; 名称：方便面,单价：5,数量：100 ; 名称：方便面,单价：5,数量：100 ;',90,'2018-09-29 15:17:53','测试数据'),(NULL,'丸子','2012',1,'标准大床房','名称：方便面,单价：5,数量：100 ; 名称：方便面,单价：5,数量：100 ; 名称：方便面,单价：5,数量：100 ; 名称：方便面,单价：5,数量：100 ; 名称：方便面,单价：5,数量：100 ;',90,'2018-09-29 15:17:53','测试数据'),(NULL,'丸子','2012',1,'标准大床房','名称：方便面,单价：5,数量：100 ; 名称：方便面,单价：5,数量：100 ; 名称：方便面,单价：5,数量：100 ; 名称：方便面,单价：5,数量：100 ; 名称：方便面,单价：5,数量：100 ;',90,'2018-09-29 15:17:54','测试数据'),(NULL,'丸子','2012',1,'标准大床房','名称：方便面,单价：5,数量：100 ; 名称：方便面,单价：5,数量：100 ; 名称：方便面,单价：5,数量：100 ; 名称：方便面,单价：5,数量：100 ; 名称：方便面,单价：5,数量：100 ;',90,'2018-09-29 15:17:54','测试数据'),(NULL,'丸子','2012',1,'标准大床房','名称：方便面,单价：5,数量：100 ; 名称：方便面,单价：5,数量：100 ; 名称：方便面,单价：5,数量：100 ; 名称：方便面,单价：5,数量：100 ; 名称：方便面,单价：5,数量：100 ;',90,'2018-09-29 15:17:54','测试数据'),(NULL,'丸子','2012',1,'标准大床房','名称：方便面,单价：5,数量：100 ; 名称：方便面,单价：5,数量：100 ; 名称：方便面,单价：5,数量：100 ; 名称：方便面,单价：5,数量：100 ; 名称：方便面,单价：5,数量：100 ;',90,'2018-09-29 15:17:54','测试数据'),(NULL,'丸子','2012',1,'标准大床房','名称：方便面,单价：5,数量：100 ; 名称：方便面,单价：5,数量：100 ; 名称：方便面,单价：5,数量：100 ; 名称：方便面,单价：5,数量：100 ; 名称：方便面,单价：5,数量：100 ;',90,'2018-09-29 15:17:54','测试数据'),(NULL,'丸子','2012',1,'标准大床房','名称：方便面,单价：5,数量：100 ; 名称：方便面,单价：5,数量：100 ; 名称：方便面,单价：5,数量：100 ; 名称：方便面,单价：5,数量：100 ; 名称：方便面,单价：5,数量：100 ;',90,'2018-09-29 15:17:55','测试数据'),(NULL,'丸子','2012',1,'标准大床房','名称：方便面,单价：5,数量：100 ; 名称：方便面,单价：5,数量：100 ; 名称：方便面,单价：5,数量：100 ; 名称：方便面,单价：5,数量：100 ; 名称：方便面,单价：5,数量：100 ;',90,'2018-09-29 15:17:55','测试数据'),(NULL,'丸子','2012',1,'标准大床房','名称：方便面,单价：5,数量：100 ; 名称：方便面,单价：5,数量：100 ; 名称：方便面,单价：5,数量：100 ; 名称：方便面,单价：5,数量：100 ; 名称：方便面,单价：5,数量：100 ;',90,'2018-09-29 15:17:55','测试数据'),(NULL,'丸子','2012',1,'标准大床房','名称：方便面,单价：5,数量：100 ; 名称：方便面,单价：5,数量：100 ; 名称：方便面,单价：5,数量：100 ; 名称：方便面,单价：5,数量：100 ; 名称：方便面,单价：5,数量：100 ;',90,'2018-09-29 15:17:55','测试数据'),(NULL,'丸子','2012',1,'标准大床房','名称：方便面,单价：5,数量：100 ; 名称：方便面,单价：5,数量：100 ; 名称：方便面,单价：5,数量：100 ; 名称：方便面,单价：5,数量：100 ; 名称：方便面,单价：5,数量：100 ;',90,'2018-09-29 15:17:55','测试数据'),(NULL,'卡尔','3055',1,'标准大床房','名称：方便面,单价：5,数量：100 ; 名称：方便面,单价：5,数量：100 ; 名称：方便面,单价：5,数量：100 ; 名称：方便面,单价：5,数量：100 ; 名称：方便面,单价：5,数量：100 ;',180,'2018-09-29 15:18:31','测试数据'),(NULL,'卡尔','3055',1,'标准大床房','名称：方便面,单价：5,数量：100 ; 名称：方便面,单价：5,数量：100 ; 名称：方便面,单价：5,数量：100 ; 名称：方便面,单价：5,数量：100 ; 名称：方便面,单价：5,数量：100 ;',180,'2018-09-29 15:18:31','测试数据'),(NULL,'卡尔','3055',1,'标准大床房','名称：方便面,单价：5,数量：100 ; 名称：方便面,单价：5,数量：100 ; 名称：方便面,单价：5,数量：100 ; 名称：方便面,单价：5,数量：100 ; 名称：方便面,单价：5,数量：100 ;',180,'2018-09-29 15:18:32','测试数据'),(NULL,'卡尔','3055',1,'标准大床房','名称：方便面,单价：5,数量：100 ; 名称：方便面,单价：5,数量：100 ; 名称：方便面,单价：5,数量：100 ; 名称：方便面,单价：5,数量：100 ; 名称：方便面,单价：5,数量：100 ;',180,'2018-09-29 15:18:32','测试数据'),(NULL,'卡尔','3055',1,'标准大床房','名称：方便面,单价：5,数量：100 ; 名称：方便面,单价：5,数量：100 ; 名称：方便面,单价：5,数量：100 ; 名称：方便面,单价：5,数量：100 ; 名称：方便面,单价：5,数量：100 ;',180,'2018-09-29 15:18:33','测试数据'),(NULL,'卡尔','3055',1,'标准大床房','名称：方便面,单价：5,数量：100 ; 名称：方便面,单价：5,数量：100 ; 名称：方便面,单价：5,数量：100 ; 名称：方便面,单价：5,数量：100 ; 名称：方便面,单价：5,数量：100 ;',180,'2018-09-29 15:18:33','测试数据'),(NULL,'卡尔','3055',1,'标准大床房','名称：方便面,单价：5,数量：100 ; 名称：方便面,单价：5,数量：100 ; 名称：方便面,单价：5,数量：100 ; 名称：方便面,单价：5,数量：100 ; 名称：方便面,单价：5,数量：100 ;',180,'2018-09-29 15:18:36','测试数据'),(NULL,'卡尔','3055',1,'标准大床房','名称：方便面,单价：5,数量：100 ; 名称：方便面,单价：5,数量：100 ; 名称：方便面,单价：5,数量：100 ; 名称：方便面,单价：5,数量：100 ; 名称：方便面,单价：5,数量：100 ;',180,'2018-09-29 15:18:37','测试数据'),(NULL,'卡尔','3055',1,'标准大床房','名称：方便面,单价：5,数量：100 ; 名称：方便面,单价：5,数量：100 ; 名称：方便面,单价：5,数量：100 ; 名称：方便面,单价：5,数量：100 ; 名称：方便面,单价：5,数量：100 ;',180,'2018-09-29 15:18:37','测试数据'),(NULL,'卡尔','3055',1,'标准大床房','名称：方便面,单价：5,数量：100 ; 名称：方便面,单价：5,数量：100 ; 名称：方便面,单价：5,数量：100 ; 名称：方便面,单价：5,数量：100 ; 名称：方便面,单价：5,数量：100 ;',180,'2018-09-29 15:18:38','测试数据'),(NULL,'卡尔','3055',1,'标准大床房','名称：方便面,单价：5,数量：100 ; 名称：方便面,单价：5,数量：100 ; 名称：方便面,单价：5,数量：100 ; 名称：方便面,单价：5,数量：100 ; 名称：方便面,单价：5,数量：100 ;',180,'2018-09-29 15:18:40','测试数据'),(NULL,'卡尔','3055',1,'标准大床房','名称：方便面,单价：5,数量：100 ; 名称：方便面,单价：5,数量：100 ; 名称：方便面,单价：5,数量：100 ; 名称：方便面,单价：5,数量：100 ; 名称：方便面,单价：5,数量：100 ;',180,'2018-09-29 15:18:40','测试数据'),(NULL,'代栩同','1004',2,'豪华商务标间','名称：方便面,单价：5,数量：100 ; 名称：方便面,单价：5,数量：100 ; 名称：方便面,单价：5,数量：100 ; 名称：方便面,单价：5,数量：100 ; 名称：方便面,单价：5,数量：100 ;',50,'2018-09-30 09:33:55','测试数据'),(NULL,'代栩同','1004',3,'温馨家庭间','名称：方便面,单价：5,数量：100 ; 名称：方便面,单价：5,数量：100 ; 名称：方便面,单价：5,数量：100 ; 名称：方便面,单价：5,数量：100 ; 名称：方便面,单价：5,数量：100 ;',50,'2018-09-30 10:07:50','测试数据');

/*Table structure for table `roomtype` */

DROP TABLE IF EXISTS `roomtype`;

CREATE TABLE `roomtype` (
  `roomtypeid` int(10) NOT NULL AUTO_INCREMENT COMMENT '房间类型id，主键，自增',
  `roomtypename` varchar(50) DEFAULT NULL COMMENT '房间类型名称',
  `roomtypeintroduce` varchar(255) DEFAULT NULL COMMENT '房间类型描述',
  `roomtypeprice` int(10) DEFAULT NULL COMMENT '房间类型的单价：元/间/天',
  PRIMARY KEY (`roomtypeid`)
) ENGINE=InnoDB AUTO_INCREMENT=5 DEFAULT CHARSET=utf8;

/*Data for the table `roomtype` */

insert  into `roomtype`(`roomtypeid`,`roomtypename`,`roomtypeintroduce`,`roomtypeprice`) values (1,'标准大床房','一张大床，wifi，热水器等',200),(2,'豪华商务标间','双床，wifi等',300),(3,'温馨家庭间','多张床，wifi，房间35平米',308),(4,'豪华娱乐间','大床2米，房间45平米，wifi',628);

/*Table structure for table `user` */

DROP TABLE IF EXISTS `user`;

CREATE TABLE `user` (
  `userid` int(20) NOT NULL AUTO_INCREMENT COMMENT '用户id，主键，自增',
  `username` varchar(100) NOT NULL COMMENT '用户名',
  `password` varchar(100) NOT NULL COMMENT '密码',
  `yue` int(10) DEFAULT NULL COMMENT '余额',
  PRIMARY KEY (`userid`) USING BTREE
) ENGINE=InnoDB AUTO_INCREMENT=46 DEFAULT CHARSET=utf8 ROW_FORMAT=COMPACT;

/*Data for the table `user` */

/*!40101 SET SQL_MODE=@OLD_SQL_MODE */;
/*!40014 SET FOREIGN_KEY_CHECKS=@OLD_FOREIGN_KEY_CHECKS */;
/*!40014 SET UNIQUE_CHECKS=@OLD_UNIQUE_CHECKS */;
/*!40111 SET SQL_NOTES=@OLD_SQL_NOTES */;
